step,train_loss,val_loss,grad_norm,param_norm
00,0.9152941703796387,0.8324712514877319,6.39197301864624,1802.386474609375
166,0.0981253981590271,0.08720995485782623,0.828267514705658,1802.4090576171875
332,0.08253788948059082,0.08099672198295593,0.5652354955673218,1802.54736328125
498,0.08083139359951019,0.08107445389032364,0.6082647442817688,1802.707763671875
664,0.07130298763513565,0.07056480646133423,0.4946752190589905,1802.9346923828125
830,0.06129835173487663,0.06142484024167061,0.3986418843269348,1803.101806640625
996,0.07096105813980103,0.05878842622041702,0.5480712056159973,1803.2562255859375
1162,0.05885547026991844,0.0527377724647522,0.42938700318336487,1803.4805908203125
1328,0.05953620746731758,0.05239880830049515,0.44034576416015625,1803.625244140625
1494,0.06488920748233795,0.0516921803355217,0.3984054625034332,1803.767822265625
1660,0.06222016364336014,0.06199371814727783,0.3788262903690338,1803.9796142578125
1826,0.060242585837841034,0.055685464292764664,0.40868377685546875,1804.1334228515625
1992,0.059665389358997345,0.046870067715644836,0.41853365302085876,1804.2947998046875
2158,0.0559963583946228,0.05061230808496475,0.388767272233963,1804.4935302734375
2324,0.06079452484846115,0.04874277859926224,0.40034374594688416,1804.6397705078125
2490,0.05896162986755371,0.05247838422656059,0.37058645486831665,1804.79541015625
2656,0.05144776403903961,0.04278689995408058,0.44849294424057007,1804.985107421875
2822,0.05926042050123215,0.05054758861660957,0.3663873076438904,1805.1322021484375
2988,0.04746679589152336,0.04803355783224106,0.3597720265388489,1805.2664794921875
3154,0.05565587058663368,0.05862392857670784,0.331338107585907,1805.4432373046875
3320,0.06403303891420364,0.0549272820353508,0.394183874130249,1805.6026611328125
3486,0.05284466594457626,0.046002473682165146,0.3066845238208771,1805.727294921875
3652,0.04940177500247955,0.04695437103509903,0.3142234683036804,1805.91748046875
3818,0.06439369916915894,0.05841458961367607,0.5176669955253601,1806.0560302734375
3984,0.05001039803028107,0.046310316771268845,0.36376211047172546,1806.19287109375
4150,0.057580526918172836,0.046607982367277145,0.3625153601169586,1806.359375
4316,0.05295497179031372,0.04645620658993721,0.3625067174434662,1806.4951171875
4482,0.04723707586526871,0.04589473828673363,0.34094318747520447,1806.6278076171875
4648,0.05064048618078232,0.043260734528303146,0.35305067896842957,1806.7457275390625
4814,0.057354554533958435,0.04287002980709076,0.4108276665210724,1806.910400390625
4980,0.05684616044163704,0.044668685644865036,0.34266746044158936,1807.02490234375
5146,0.05506449192762375,0.03843406215310097,0.33223363757133484,1807.1397705078125
5312,0.046150367707014084,0.03950076177716255,0.2842172086238861,1807.28466796875
5478,0.05236995592713356,0.038774143904447556,0.37887319922447205,1807.396240234375
5644,0.047108981758356094,0.039644502103328705,0.3177490234375,1807.5130615234375
5810,0.04688796028494835,0.04083609580993652,0.3652378022670746,1807.6514892578125
5976,0.04985405504703522,0.042166683822870255,0.3657987415790558,1807.7528076171875
6142,0.04854254797101021,0.04406813532114029,0.3732624053955078,1807.861572265625
6308,0.039644692093133926,0.0388798713684082,0.26213857531547546,1807.99365234375
6474,0.04509371519088745,0.03509502112865448,0.36579206585884094,1808.098876953125
6640,0.044712722301483154,0.033990781754255295,0.3305593729019165,1808.1837158203125
6806,0.04874296858906746,0.049732107669115067,0.3259950876235962,1808.30615234375
6972,0.05226577818393707,0.04439898207783699,0.30745089054107666,1808.3896484375
7138,0.048424672335386276,0.041355032473802567,0.31879881024360657,1808.4852294921875
7304,0.04582245647907257,0.04279741272330284,0.2880030870437622,1808.5999755859375
7470,0.04161587730050087,0.04267606511712074,0.2751695513725281,1808.67529296875
7636,0.04193675518035889,0.03810686618089676,0.2944553792476654,1808.7552490234375
7802,0.04304756224155426,0.03917279094457626,0.28936174511909485,1808.8590087890625
7968,0.05170080065727234,0.04067431762814522,0.358667254447937,1808.9310302734375
8134,0.04478765279054642,0.0423070527613163,0.3125878572463989,1809.00244140625
8300,0.045570649206638336,0.03588777780532837,0.3003748655319214,1809.103759765625
8466,0.035163987427949905,0.038029905408620834,0.24313433468341827,1809.17041015625
8632,0.04116497561335564,0.0358845554292202,0.2917027473449707,1809.2410888671875
8798,0.03874066099524498,0.041074033826589584,0.29161617159843445,1809.2979736328125
8964,0.0408460795879364,0.037297964096069336,0.402005672454834,1809.3814697265625
9130,0.05179010331630707,0.03586491197347641,0.3275495767593384,1809.4393310546875
9296,0.04491878300905228,0.037942733615636826,0.30109649896621704,1809.49169921875
9462,0.03559624031186104,0.04049227386713028,0.25292494893074036,1809.56103515625
9628,0.04140375927090645,0.03505786508321762,0.32152098417282104,1809.6160888671875
9794,0.04650663584470749,0.03392094001173973,0.28069308400154114,1809.6666259765625
9960,0.03665803372859955,0.035967882722616196,0.2562781870365143,1809.7384033203125
10126,0.04705875366926193,0.04049693048000336,0.3194040358066559,1809.786865234375
10292,0.04166393354535103,0.03576512634754181,0.2688044011592865,1809.8287353515625
10458,0.056403350085020065,0.03863050788640976,0.2925448417663574,1809.8822021484375
10624,0.035207800567150116,0.038040030747652054,0.24771159887313843,1809.91845703125
10790,0.04076876491308212,0.03782897815108299,0.2894223630428314,1809.9615478515625
10956,0.04580514878034592,0.03832090646028519,0.30073320865631104,1810.0064697265625
11122,0.04186306893825531,0.03125312179327011,0.2904694974422455,1810.043212890625
11288,0.039602577686309814,0.033551059663295746,0.283376544713974,1810.074951171875
11454,0.04077843576669693,0.03825864568352699,0.27256637811660767,1810.114501953125
11620,0.04425518959760666,0.032305989414453506,0.41157931089401245,1810.1446533203125
11786,0.03942409157752991,0.03642603009939194,0.257778137922287,1810.1748046875
11952,0.034823980182409286,0.0351322777569294,0.24307939410209656,1810.2109375
12118,0.03755855932831764,0.035952359437942505,0.23354771733283997,1810.2340087890625
12284,0.04276387766003609,0.03472752869129181,0.31066879630088806,1810.260009765625
12450,0.032408054918050766,0.03911178186535835,0.2141282856464386,1810.2862548828125
12616,0.030880965292453766,0.03621278330683708,0.2162599265575409,1810.3077392578125
12782,0.04612535238265991,0.034381091594696045,0.25975051522254944,1810.32763671875
12948,0.03186210244894028,0.03253702074289322,0.2209147959947586,1810.3446044921875
13114,0.03570616990327835,0.03202091157436371,0.2458619475364685,1810.3677978515625
13280,0.030848022550344467,0.034496016800403595,0.229196697473526,1810.3834228515625
13446,0.03407851234078407,0.03817436471581459,0.25618335604667664,1810.3990478515625
13612,0.029746264219284058,0.038180965930223465,0.21701568365097046,1810.4168701171875
13778,0.030994586646556854,0.03162441402673721,0.2556884288787842,1810.4293212890625
13944,0.040563877671957016,0.03434736281633377,0.30104178190231323,1810.442138671875
14110,0.038630902767181396,0.03757387027144432,0.25669997930526733,1810.4571533203125
14276,0.03467307612299919,0.034588973969221115,0.2506689429283142,1810.4674072265625
14442,0.03570516034960747,0.03409522399306297,0.2253665179014206,1810.478759765625
14608,0.039640314877033234,0.03354894742369652,0.3504659831523895,1810.4893798828125
14774,0.032361265271902084,0.03233494609594345,0.23157899081707,1810.498046875
14940,0.03617122024297714,0.033581484109163284,0.24532322585582733,1810.50439453125
15106,0.032928381115198135,0.03424974903464317,0.24445490539073944,1810.5130615234375
15272,0.031649306416511536,0.035848554223775864,0.22133666276931763,1810.5196533203125
15438,0.029511861503124237,0.03177959471940994,0.24497449398040771,1810.5242919921875
